<?xml version="1.0" encoding="UTF-8" standalone="yes"?>
<addon id="plugin.video.polychromawizard" name="Polychroma Wizard" version="0.0.9" provider-name="Polychroma, LLC.">
  <requires>
    <import addon="xbmc.python" version="2.1.0"/>
  </requires>
  <extension point="xbmc.python.pluginsource" library="default.py">
        <provides>video executable</provides>
  </extension>
  <extension point="xbmc.addon.metadata">
    <summary lang="en">Polychroma Wizard</summary>
    <description lang="en">The official install wizard for PolychromaTV.</description>
    <platform>all</platform>
  </extension>
</addon>
