<?xml version="1.0" encoding="UTF-8" standalone="yes"?>
<addon id="repository.polychroma" name="Polychroma" version="0.0.1" provider-name="Polychroma, LLC.">
	<extension point="xbmc.addon.repository" name="Polychroma">
		<dir>
			<info compressed="false">https://raw.githubusercontent.com/noobsandnerds/modules4all/master/zips/addons.xml</info>
			<checksum>https://raw.githubusercontent.com/noobsandnerds/modules4all/master/zips/addons.xml.md5</checksum>
			<datadir zip="true">https://raw.githubusercontent.com/noobsandnerds/modules4all/master/zips/</datadir>
		</dir>
		<info compressed="false">https://raw.githubusercontent.com/polychroma-co/repository.polychroma/master/zips/addons.xml</info>
		<checksum>https://raw.githubusercontent.com/polychroma-co/repository.polychroma/master/zips/addons.xml.md5</checksum>
		<datadir zip="true">https://raw.githubusercontent.com/polychroma-co/repository.polychroma/master/zips/</datadir>
	</extension>
	<extension point="xbmc.addon.metadata">
		<summary lang="en">http://polychroma.co</summary>
		<description lang="en">The home of Polychroma TV.</description>
		<genre>movies,tvshows,wizard,canadian,uk,usa</genre>
	</extension>
</addon>