<?xml version="1.0" encoding="UTF-8" standalone="yes"?>
<addon id="plugin.video.tvpolychroma" name="TV Polychroma" version="0.0.1" provider-name="Polychroma, LLC.">
	<requires>
		<import addon="xbmc.python" version="2.19.0" />
		<import addon="script.module.nanscrapers" version="0.5.5" />
        <import addon="script.module.python.koding.aio" version="0.0.1"/>
	</requires>
	<extension point="xbmc.python.pluginsource" library="default.py">
		<provides>video</provides>
	</extension>
	<extension point="xbmc.addon.metadata">
		<summary lang="en">Real life. True grime.</summary>
		<description lang="en">The official Kodi add-on for TV Polychroma.</description>
		<platform>all</platform>
		<forum>http://polychroma.co</forum>
		<website>http://polychroma.co</website>
		<news></news>
		<genre>movies,tvshows,canadian,uk,usa</genre>
		<video_guide></video_guide>
		<video_preview></video_preview>
	</extension>
</addon>
